id,type,name,address
0,company,Cooper-Green,"6647 Roger Walks Suite 088 Julieburgh, NY 53881"
1,company,Williams-Figueroa,"65694 Maureen Mountain Morganhaven, ND 01430"
2,company,Montes LLC,"2464 Mark Unions Suite 345 Johnview, MN 95700"
3,company,Gomez-Morgan,"565 Jason Park Thomasmouth, TX 84271"
4,company,Bowen-Payne,"6161 Lynn Summit Suite 881 South Darleneshire, VT 26212"
5,company,Smith-Jimenez,"34537 Briggs Light Suite 173 Danielfort, GA 06278"
6,company,Brandt and Sons,"43659 Butler Shores Apt. 723 Juliachester, NJ 59199"
7,company,Patterson-Allen,"04097 Turner Lake Apt. 998 Robinsonfurt, WA 58520"
8,company,Rivera-Taylor,"014 Jeffrey Pines West Bobbyfort, OK 65867"
9,company,Peters Ltd,"398 Cortez Point Suite 413 Kevintown, NC 49123"
10,company,Stephens-Green,"39626 Ray Trafficway Loveland, KS 21912"
11,company,"Craig, Harris and Hudson","6376 Barbara Place Charlesmouth, NE 68891"
12,company,Thomas and Sons,USNS Owens FPO AE 57568
13,company,"Scott, Miller and Doyle","894 Blackburn Lake Suite 722 Christopherville, UT 80478"
14,company,Hudson Inc,"19686 Carter Station Suite 651 Melissamouth, GA 53265"
15,company,"Smith, Reed and Flores","6892 Sanchez Union Suite 513 Stewarttown, NC 64239"
16,company,Harris Inc,"024 Good Overpass New Lesliehaven, NC 62986"
17,company,"Diaz, Sanchez and Williams","00807 Meadows Prairie Apt. 382 East Melaniebury, VA 38614"
18,company,Jones Inc,Unit 5674 Box 1556 DPO AA 42502
19,company,Holmes Ltd,"90746 Beasley Shoal Suite 136 New Joseph, WA 42256"
20,person,Margaret Khan,"1533 Frederick Alley Jamesmouth, SD 62854"
21,person,Terry Herring,"7340 Simmons Square Apt. 770 Isabellaville, MS 83132"
22,person,Mariah Peterson,"829 Combs Expressway Jamesstad, VT 68867"
23,person,Jeffrey Baird,"49842 Christopher Ports Christianton, AR 61646"
24,person,Grant Smith,"5123 Buckley Harbor Apt. 998 Alexandertown, KS 46064"
25,person,Mary Turner,"9789 Ashley Cliff Apt. 839 Ronaldbury, PA 05624"
26,person,Thomas Lin,"9258 Taylor Trafficway Apt. 368 Lake Ambermouth, NH 78825"
27,person,Judy Powell,"064 Derek Ports North James, WA 79348"
28,person,Dr. Eric Ramirez,"29498 Samantha Trafficway East Dominiqueborough, MA 99474"
29,person,Lisa Cardenas,"3221 John Manor Suite 049 West Rodney, OR 84221"
30,person,Donna Travis,"5711 Mary Track North Theresastad, ME 92380"
31,person,Jesse Lewis,"1765 Stephen Lakes Apt. 724 West Jennifermouth, AZ 24375"
32,person,Jennifer Peterson,"0086 Christina Lakes Apt. 902 Jacksonfurt, KS 22328"
33,person,Jack Guerra,"099 James Brook Port Jessicafort, MD 27242"
34,person,Tyler Maxwell,"3478 Joyce Spurs West Lacey, OR 65776"
35,person,Devin Clark,Unit 9272 Box 0418 DPO AE 99568
36,person,Holly Garcia,"33561 Andrea Ville Brownbury, WA 84033"
37,person,Anthony Tran,"05224 Cooke Plains Suite 727 East Derrick, GA 65014"
38,person,Tyler Price,"323 Joseph Summit Apt. 616 Port Emily, TX 02836"
39,person,Seth Mckenzie,"842 Roberts Wells Apt. 498 Melaniefurt, NJ 92444"
40,person,Stephanie Vazquez,"02738 Mitchell Bypass Apt. 069 Acostamouth, WY 32544"
41,person,Manuel Decker,"607 William Point Kelseyport, SD 17531"
42,person,Jim Gomez,"335 Stark Squares New Matthewmouth, FL 44150"
43,person,Stephanie Gould,"1762 Pam Tunnel Apt. 578 Phillipsmouth, WA 86269"
44,person,Sheila Soto,"4966 Williams Gateway Apt. 109 Hollyville, AR 04414"
45,person,Terri Manning,Unit 8651 Box 5944 DPO AA 20100
46,person,Matthew Franklin,"0979 Gonzalez Bridge Johnbury, ND 56460"
47,person,George Hudson,"4137 Sanchez Heights Apt. 998 North Steven, GA 85764"
48,person,Amy Baxter,"37486 Mcclure Port Apt. 980 Garciaborough, NY 47478"
49,person,James Hicks,"606 Stephen River Suite 116 North Christopher, MN 18448"
50,person,Mark Knapp,"7778 Caitlyn Avenue Montgomeryton, OK 22492"
51,person,Mark Johnston,"562 Janet Lodge Suite 402 South Kevinmouth, UT 42875"
52,person,Jennifer Burgess,"7618 Judith Drive Apt. 979 South Thomasbury, FL 73550"
53,person,Kevin Tran,"417 Joyce Orchard Suite 597 Cindyburgh, IN 34054"
54,person,Kenneth Cabrera,"99541 Carson Inlet Jenniferchester, OR 91303"
55,person,Brent Morris,"1761 Joseph Port Apt. 476 Port Amy, VT 55764"
56,person,William Stanley,"74016 James Cove Apt. 048 West Kennethbury, MD 37922"
57,person,Nicholas Brown,"263 Mcintyre Meadow Hardyborough, WI 30677"
58,person,Donald Payne,"5936 Kevin Prairie Andrewfort, MO 98508"
59,person,Megan Robles,"6439 Wilson Road Apt. 447 Port Gregory, MT 38994"
60,person,Lisa Elliott,"0930 Joseph Divide Port Markchester, TN 51183"
61,person,Monique Harper,"22315 Harrington Station Apt. 552 Sandersfurt, LA 94633"
62,person,Matthew Peterson,"6768 Michael Radial Alexandermouth, DE 10668"
63,person,Nicole Harris,USCGC Goodman FPO AE 22318
64,person,Alexis Rivera,"5105 Jarvis Skyway Apt. 554 Hamiltonhaven, PA 02680"
65,person,Wayne Page,"2324 Lee Tunnel Mariaview, MN 56348"
66,person,Andrew Lewis,"36569 Cuevas Pike Port Jamieborough, WI 51055"
67,person,Whitney Hartman DDS,"796 Andrea Route Suite 312 East Jacquelineland, MO 56971"
68,person,Ryan Sheppard,"37939 Nicole Trace Suite 029 East Paula, NV 14624"
69,person,Javier Day,USS Diaz FPO AP 14720
70,person,Robert Lopez,"PSC 4970, Box 0180 APO AE 39181"
71,person,Evan Phillips,Unit 1373 Box 7934 DPO AA 15250
72,person,David Hayden,"574 Knapp Spur Apt. 673 Lake Sara, RI 39973"
73,person,Gary Cortez,"7907 Mark Harbors Anthonyview, AZ 89730"
74,person,Jennifer Wilson,"79029 Garcia Garden Suite 835 Collinsburgh, MS 93498"
75,person,Lee Spears,Unit 7335 Box 0961 DPO AE 88504
76,person,Angela Torres,"80747 Morales Place Suite 107 Blairshire, ND 21440"
77,person,Frank Carroll,"2219 Craig Isle Lake Carmen, KS 34485"
78,person,Heather Brown,"00423 Ana Ferry Suite 310 Walshton, NC 59903"
79,person,Michael Copeland,"636 Melody Harbors Apt. 796 Annetown, OK 69775"
80,person,Laurie Holland,"8680 Sarah Isle Apt. 005 New Michaelberg, HI 99390"
81,person,Gina Nelson,"5646 Ellen Isle East Charles, SC 31745"
82,person,Natasha Cunningham,"611 Williamson Center North Crystal, NY 89107"
83,person,Anthony Peters,"4867 Victor Squares Suite 654 North Melissastad, OH 36078"
84,person,Sheri Jones,"199 Robert Common Apt. 171 Tonyamouth, OR 31663"
85,person,Samantha Davis,"222 Jeffrey Track Port Kyle, MO 79612"
86,person,Edwin Cooper,"5527 Bryce Stream Danielleberg, NH 49715"
87,person,Courtney Elliott,"353 James Causeway West Leslieside, MD 07588"
88,person,Carolyn Mitchell,"902 Cassandra Villages Rossburgh, NY 16590"
89,person,Patricia Colon,"20815 Small Brook Apt. 329 West Rhonda, WY 52708"
90,person,Patrick Morrow,"991 Berry Wells Robertmouth, AZ 71820"
91,person,Sarah Garcia,"00033 Scott Pines Apt. 545 East Caitlinberg, IN 47794"
92,person,Anita Jones,"748 David Circle Apt. 263 Port Davidview, NH 51442"
93,person,Thomas Arnold,"714 Cobb Rapid Apt. 132 North Brandybury, LA 12235"
94,person,Amanda Burke,"90844 Lisa Plain Suite 486 Bradymouth, WI 17998"
95,person,Evan Whitaker,"97035 Darren Divide Port Carmenton, MT 95218"
96,person,Tracy Mcgrath,"94965 Carter Groves Jenniferland, WA 98168"
97,person,Henry Scott,"2278 Green Course Suite 245 New Caitlinbury, MT 67263"
98,person,Paul Ayers,"9762 Keith Mountain Apt. 424 Goodburgh, NV 18140"
99,person,Kimberly Steele,"49953 Joseph Centers North Brianberg, WV 52589"
100,person,Jon Chandler,"92071 Shannon Burgs South Ryanport, NC 27712"
101,person,Andrew Cain,"141 Mcdonald Way Thorntonport, WI 94935"
102,person,Emily Salas,"638 Rice Curve West Michael, MT 63930"
103,person,Connor Estrada,USS Murray FPO AA 23272
104,person,Luis King,"243 Stafford Trail Marychester, AR 45390"
105,person,Kevin Davis,"373 Mccullough Turnpike Suite 154 South Joshuaton, LA 08840"
106,person,Traci Morris,"85169 Christian Ranch Suite 478 New Travisville, MA 83628"
107,person,Johnathan Cook,"81040 Dennis Parks Reidfort, WA 29386"
108,person,Melinda Duncan,"415 Lisa Mills South Austin, GA 42398"
109,person,Ashley Sanders,"496 Andrew Glen Suite 687 Lake Eric, NY 37737"
110,person,Madison Hall,"5873 Peterson Forks Georgeport, VA 27520"
111,person,Sara Walters,"30344 Angelica Roads Apt. 802 East Ashleyview, MI 82035"
112,person,Aaron Francis,"0880 Obrien Loop Adamside, OK 36437"
113,person,Adam Kelly,"1420 Juan Pine Taylormouth, MT 03389"
114,person,Mark Anderson,"329 Bowman Ways Fischerberg, MN 72141"
115,person,Scott Clark,"61695 Scott Highway Suite 380 New Staceyhaven, WI 21415"
116,person,Dr. Dustin Meza,"18876 Wong Fall Apt. 603 Richardsonmouth, WA 13626"
117,person,Steven Beck,"7993 Daniel Flats West Laurachester, WI 62541"
118,person,Keith Barr,"784 Davis Prairie Davisside, DE 73387"
119,person,Tina Wright,"56731 Patel Extension Suite 422 New Lori, UT 82303"
